{
    "loss": 13.120024681091309,
    "accuracy": 0.5467625856399536
}